[
  {"id":"manhattan-nyc","name":"Manhattan, New York","category":"Downtown","lat":40.7580,"lon":-73.9855,"span":0.025,"desc":"Midtown skyscrapers & Central Park"},
  {"id":"chicago-loop","name":"Chicago Loop","category":"Downtown","lat":41.8827,"lon":-87.6280,"span":0.020,"desc":"Willis Tower & Millennium Park"},
  {"id":"san-francisco-downtown","name":"San Francisco Downtown","category":"Downtown","lat":37.7900,"lon":-122.4010,"span":0.022,"desc":"Financial District & Embarcadero"},
  {"id":"los-angeles-downtown","name":"Los Angeles Downtown","category":"Downtown","lat":34.0522,"lon":-118.2437,"span":0.020,"desc":"Skyscrapers & Walt Disney Hall"},
  {"id":"seattle-downtown","name":"Seattle Downtown","category":"Downtown","lat":47.6097,"lon":-122.3356,"span":0.020,"desc":"Space Needle & Pike Place"},
  {"id":"boston-downtown","name":"Boston Downtown","category":"Downtown","lat":42.3555,"lon":-71.0565,"span":0.018,"desc":"Freedom Trail & waterfront"},
  {"id":"miami-downtown","name":"Miami Downtown","category":"Downtown","lat":25.7750,"lon":-80.1900,"span":0.022,"desc":"Brickell skyline & bay"},
  {"id":"toronto-downtown","name":"Toronto Downtown","category":"Downtown","lat":43.6510,"lon":-79.3832,"span":0.022,"desc":"CN Tower & Financial District"},
  {"id":"vancouver-downtown","name":"Vancouver Downtown","category":"Downtown","lat":49.2827,"lon":-123.1207,"span":0.022,"desc":"Stanley Park & harbor"},
  {"id":"washington-dc-mall","name":"Washington DC National Mall","category":"Downtown","lat":38.8899,"lon":-77.0228,"span":0.025,"desc":"Capitol, monuments & Smithsonian"},
  {"id":"mexico-city-centro","name":"Mexico City Centro","category":"Downtown","lat":19.4326,"lon":-99.1332,"span":0.020,"desc":"Zócalo & Palacio de Bellas Artes"},
  {"id":"sao-paulo-centro","name":"São Paulo Centro","category":"Downtown","lat":-23.5505,"lon":-46.6333,"span":0.020,"desc":"Paulista Avenue skyscrapers"},
  {"id":"buenos-aires-centro","name":"Buenos Aires Microcentro","category":"Downtown","lat":-34.6037,"lon":-58.3816,"span":0.020,"desc":"Obelisco & Casa Rosada"},
  {"id":"rio-de-janeiro-centro","name":"Rio de Janeiro Centro","category":"Downtown","lat":-22.9068,"lon":-43.1729,"span":0.020,"desc":"Downtown & Guanabara Bay"},
  {"id":"lima-centro","name":"Lima Centro","category":"Downtown","lat":-12.0464,"lon":-77.0428,"span":0.018,"desc":"Plaza Mayor & historic center"},
  {"id":"bogota-centro","name":"Bogotá Centro","category":"Downtown","lat":4.5981,"lon":-74.0758,"span":0.018,"desc":"La Candelaria & Plaza Bolívar"},
  {"id":"santiago-centro","name":"Santiago Centro","category":"Downtown","lat":-33.4489,"lon":-70.6693,"span":0.020,"desc":"Plaza de Armas & Costanera"},
  {"id":"havana-vieja","name":"Havana Vieja","category":"Downtown","lat":23.1374,"lon":-82.3577,"span":0.018,"desc":"Old Havana & Malecón"},
  {"id":"london-city","name":"London City & Westminster","category":"Downtown","lat":51.5074,"lon":-0.1200,"span":0.025,"desc":"Big Ben, Tower Bridge & The Shard"},
  {"id":"paris-centre","name":"Paris Centre","category":"Downtown","lat":48.8584,"lon":2.3400,"span":0.022,"desc":"Eiffel Tower, Louvre & Notre-Dame"},
  {"id":"berlin-mitte","name":"Berlin Mitte","category":"Downtown","lat":52.5200,"lon":13.4050,"span":0.022,"desc":"Brandenburg Gate & Reichstag"},
  {"id":"madrid-centro","name":"Madrid Centro","category":"Downtown","lat":40.4168,"lon":-3.7038,"span":0.020,"desc":"Gran Vía & Royal Palace"},
  {"id":"barcelona-eixample","name":"Barcelona Eixample","category":"Downtown","lat":41.3874,"lon":2.1686,"span":0.025,"desc":"Sagrada Familia & grid streets"},
  {"id":"rome-centro","name":"Rome Centro","category":"Downtown","lat":41.8967,"lon":12.4822,"span":0.022,"desc":"Colosseum, Pantheon & Trevi"},
  {"id":"amsterdam-centrum","name":"Amsterdam Centrum","category":"Downtown","lat":52.3676,"lon":4.9041,"span":0.020,"desc":"Canal ring & Dam Square"},
  {"id":"vienna-innere-stadt","name":"Vienna Innere Stadt","category":"Downtown","lat":48.2082,"lon":16.3738,"span":0.018,"desc":"St. Stephen's & Hofburg"},
  {"id":"prague-old-town","name":"Prague Old Town","category":"Downtown","lat":50.0875,"lon":14.4213,"span":0.018,"desc":"Charles Bridge & Old Town Square"},
  {"id":"istanbul-sultanahmet","name":"Istanbul Sultanahmet","category":"Downtown","lat":41.0082,"lon":28.9784,"span":0.022,"desc":"Hagia Sophia & Blue Mosque"},
  {"id":"moscow-red-square","name":"Moscow Red Square","category":"Downtown","lat":55.7558,"lon":37.6173,"span":0.020,"desc":"Kremlin & St. Basil's"},
  {"id":"lisbon-baixa","name":"Lisbon Baixa","category":"Downtown","lat":38.7100,"lon":-9.1400,"span":0.020,"desc":"Praça do Comércio & Alfama"},
  {"id":"athens-acropolis","name":"Athens Acropolis Area","category":"Downtown","lat":37.9715,"lon":23.7257,"span":0.018,"desc":"Acropolis & Plaka district"},
  {"id":"dublin-temple-bar","name":"Dublin Temple Bar","category":"Downtown","lat":53.3457,"lon":-6.2654,"span":0.018,"desc":"Temple Bar & Trinity College"},
  {"id":"stockholm-gamla-stan","name":"Stockholm Gamla Stan","category":"Downtown","lat":59.3252,"lon":18.0710,"span":0.020,"desc":"Old Town island & Royal Palace"},
  {"id":"copenhagen-indre-by","name":"Copenhagen Indre By","category":"Downtown","lat":55.6781,"lon":12.5684,"span":0.020,"desc":"Tivoli & Nyhavn canal"},
  {"id":"zurich-altstadt","name":"Zurich Altstadt","category":"Downtown","lat":47.3769,"lon":8.5417,"span":0.018,"desc":"Lake Zurich & old town"},
  {"id":"brussels-grand-place","name":"Brussels Grand Place","category":"Downtown","lat":50.8476,"lon":4.3572,"span":0.018,"desc":"Grand Place & Manneken Pis"},
  {"id":"budapest-belvaros","name":"Budapest Belváros","category":"Downtown","lat":47.4979,"lon":19.0402,"span":0.022,"desc":"Parliament & Chain Bridge"},
  {"id":"warsaw-old-town","name":"Warsaw Old Town","category":"Downtown","lat":52.2500,"lon":21.0122,"span":0.018,"desc":"Rebuilt Old Town & Royal Castle"},
  {"id":"tokyo-shibuya","name":"Tokyo Shibuya","category":"Downtown","lat":35.6595,"lon":139.7004,"span":0.020,"desc":"Shibuya Crossing & Meiji Shrine"},
  {"id":"tokyo-shinjuku","name":"Tokyo Shinjuku","category":"Downtown","lat":35.6894,"lon":139.6917,"span":0.018,"desc":"Skyscraper district & gardens"},
  {"id":"shanghai-pudong","name":"Shanghai Pudong","category":"Downtown","lat":31.2365,"lon":121.5000,"span":0.022,"desc":"Oriental Pearl & Shanghai Tower"},
  {"id":"hong-kong-central","name":"Hong Kong Central","category":"Downtown","lat":22.2800,"lon":114.1580,"span":0.020,"desc":"Victoria Harbour skyline"},
  {"id":"singapore-marina-bay","name":"Singapore Marina Bay","category":"Downtown","lat":1.2814,"lon":103.8636,"span":0.020,"desc":"Marina Bay Sands & Gardens"},
  {"id":"dubai-downtown","name":"Dubai Downtown","category":"Downtown","lat":25.1972,"lon":55.2744,"span":0.022,"desc":"Burj Khalifa & Dubai Mall"},
  {"id":"seoul-gangnam","name":"Seoul Gangnam","category":"Downtown","lat":37.4979,"lon":127.0276,"span":0.020,"desc":"COEX & Gangnam district"},
  {"id":"beijing-forbidden-city","name":"Beijing Forbidden City","category":"Downtown","lat":39.9163,"lon":116.3972,"span":0.022,"desc":"Forbidden City & Tiananmen"},
  {"id":"mumbai-colaba","name":"Mumbai Colaba","category":"Downtown","lat":18.9220,"lon":72.8347,"span":0.018,"desc":"Gateway of India & waterfront"},
  {"id":"bangkok-sukhumvit","name":"Bangkok Sukhumvit","category":"Downtown","lat":13.7450,"lon":100.5553,"span":0.020,"desc":"Temples & modern skyscrapers"},
  {"id":"taipei-101","name":"Taipei 101 District","category":"Downtown","lat":25.0330,"lon":121.5654,"span":0.018,"desc":"Taipei 101 & Xinyi district"},
  {"id":"kuala-lumpur-klcc","name":"Kuala Lumpur KLCC","category":"Downtown","lat":3.1579,"lon":101.7116,"span":0.020,"desc":"Petronas Towers & KLCC Park"},
  {"id":"sydney-cbd","name":"Sydney CBD","category":"Downtown","lat":-33.8688,"lon":151.2093,"span":0.022,"desc":"Opera House & Harbour Bridge"},
  {"id":"melbourne-cbd","name":"Melbourne CBD","category":"Downtown","lat":-37.8136,"lon":144.9631,"span":0.020,"desc":"Federation Square & Yarra River"},
  {"id":"cape-town-waterfront","name":"Cape Town Waterfront","category":"Downtown","lat":-33.9040,"lon":18.4200,"span":0.022,"desc":"V&A Waterfront & Table Mountain"},
  {"id":"cairo-downtown","name":"Cairo Downtown","category":"Downtown","lat":30.0444,"lon":31.2357,"span":0.020,"desc":"Tahrir Square & Nile corniche"},
  {"id":"marrakech-medina","name":"Marrakech Medina","category":"Downtown","lat":31.6295,"lon":-7.9811,"span":0.018,"desc":"Jemaa el-Fnaa & souks"},
  {"id":"nairobi-cbd","name":"Nairobi CBD","category":"Downtown","lat":-1.2864,"lon":36.8172,"span":0.018,"desc":"Kenyatta Center & City Park"},
  {"id":"hanoi-old-quarter","name":"Hanoi Old Quarter","category":"Downtown","lat":21.0335,"lon":105.8510,"span":0.018,"desc":"Old Quarter & Hoan Kiem Lake"},
  {"id":"jakarta-thamrin","name":"Jakarta Thamrin","category":"Downtown","lat":-6.1944,"lon":106.8229,"span":0.020,"desc":"Monas & business district"},
  {"id":"san-juan-old","name":"Old San Juan","category":"Downtown","lat":18.4663,"lon":-66.1057,"span":0.015,"desc":"Colonial fortress city"},
  {"id":"doha-west-bay","name":"Doha West Bay","category":"Downtown","lat":25.3200,"lon":51.5310,"span":0.020,"desc":"Corniche & skyscraper skyline"},

  {"id":"golden-gate-bridge","name":"Golden Gate Bridge","category":"Landmark","lat":37.8199,"lon":-122.4783,"span":0.025,"desc":"Iconic suspension bridge"},
  {"id":"statue-of-liberty","name":"Statue of Liberty","category":"Landmark","lat":40.6892,"lon":-74.0445,"span":0.015,"desc":"Liberty Island & harbor"},
  {"id":"eiffel-tower","name":"Eiffel Tower","category":"Landmark","lat":48.8584,"lon":2.2945,"span":0.012,"desc":"Iron lattice tower & Champ de Mars"},
  {"id":"colosseum-rome","name":"Colosseum","category":"Landmark","lat":41.8902,"lon":12.4922,"span":0.012,"desc":"Ancient Roman amphitheater"},
  {"id":"taj-mahal","name":"Taj Mahal","category":"Landmark","lat":27.1751,"lon":78.0421,"span":0.012,"desc":"Mughal marble mausoleum"},
  {"id":"machu-picchu","name":"Machu Picchu","category":"Landmark","lat":-13.1631,"lon":-72.5450,"span":0.015,"desc":"Inca citadel in the Andes"},
  {"id":"angkor-wat","name":"Angkor Wat","category":"Landmark","lat":13.4125,"lon":103.8670,"span":0.018,"desc":"Khmer temple complex"},
  {"id":"petra-jordan","name":"Petra","category":"Landmark","lat":30.3285,"lon":35.4444,"span":0.015,"desc":"Rose-red Nabataean city"},
  {"id":"great-wall-badaling","name":"Great Wall at Badaling","category":"Landmark","lat":40.3539,"lon":116.0064,"span":0.020,"desc":"Most visited Great Wall section"},
  {"id":"chichen-itza","name":"Chichén Itzá","category":"Landmark","lat":20.6843,"lon":-88.5678,"span":0.012,"desc":"Maya pyramid of Kukulcán"},
  {"id":"christ-the-redeemer","name":"Christ the Redeemer","category":"Landmark","lat":-22.9519,"lon":-43.2105,"span":0.015,"desc":"Art Deco statue on Corcovado"},
  {"id":"sagrada-familia","name":"Sagrada Familia","category":"Landmark","lat":41.4036,"lon":2.1744,"span":0.012,"desc":"Gaudí's unfinished basilica"},
  {"id":"big-ben-westminster","name":"Big Ben & Westminster","category":"Landmark","lat":51.5007,"lon":-0.1246,"span":0.012,"desc":"Houses of Parliament"},
  {"id":"burj-khalifa","name":"Burj Khalifa","category":"Landmark","lat":25.1972,"lon":55.2744,"span":0.012,"desc":"World's tallest building"},
  {"id":"sydney-opera-house","name":"Sydney Opera House","category":"Landmark","lat":-33.8568,"lon":151.2153,"span":0.012,"desc":"Sail-shaped performing arts center"},
  {"id":"tower-of-pisa","name":"Leaning Tower of Pisa","category":"Landmark","lat":43.7230,"lon":10.3966,"span":0.010,"desc":"Famous tilting bell tower"},
  {"id":"neuschwanstein","name":"Neuschwanstein Castle","category":"Landmark","lat":47.5576,"lon":10.7498,"span":0.015,"desc":"Fairytale Bavarian castle"},
  {"id":"mont-saint-michel","name":"Mont Saint-Michel","category":"Landmark","lat":48.6361,"lon":-1.5115,"span":0.015,"desc":"Tidal island abbey"},
  {"id":"hagia-sophia","name":"Hagia Sophia","category":"Landmark","lat":41.0086,"lon":28.9802,"span":0.010,"desc":"Byzantine cathedral-mosque"},
  {"id":"versailles-palace","name":"Palace of Versailles","category":"Landmark","lat":48.8049,"lon":2.1204,"span":0.018,"desc":"Royal palace & gardens"},
  {"id":"alhambra-granada","name":"Alhambra","category":"Landmark","lat":37.1761,"lon":-3.5881,"span":0.012,"desc":"Moorish palace fortress"},
  {"id":"vatican-city","name":"Vatican City","category":"Landmark","lat":41.9029,"lon":12.4534,"span":0.010,"desc":"St. Peter's Basilica & Square"},
  {"id":"edinburgh-castle","name":"Edinburgh Castle","category":"Landmark","lat":55.9486,"lon":-3.1999,"span":0.015,"desc":"Castle rock & Royal Mile"},
  {"id":"prague-castle","name":"Prague Castle","category":"Landmark","lat":50.0910,"lon":14.4010,"span":0.012,"desc":"Largest ancient castle complex"},
  {"id":"tower-of-london","name":"Tower of London","category":"Landmark","lat":51.5081,"lon":-0.0759,"span":0.012,"desc":"Historic castle & fortress"},
  {"id":"kremlin-moscow","name":"Moscow Kremlin","category":"Landmark","lat":55.7520,"lon":37.6175,"span":0.012,"desc":"Fortified complex on Red Square"},
  {"id":"lincoln-memorial","name":"Lincoln Memorial","category":"Landmark","lat":38.8893,"lon":-77.0502,"span":0.015,"desc":"Memorial & Reflecting Pool"},
  {"id":"empire-state-building","name":"Empire State Building","category":"Landmark","lat":40.7484,"lon":-73.9857,"span":0.012,"desc":"Art Deco skyscraper icon"},
  {"id":"cn-tower-toronto","name":"CN Tower","category":"Landmark","lat":43.6426,"lon":-79.3871,"span":0.012,"desc":"Iconic Canadian communications tower"},
  {"id":"space-needle-seattle","name":"Space Needle","category":"Landmark","lat":47.6205,"lon":-122.3493,"span":0.012,"desc":"1962 World's Fair observation tower"},
  {"id":"pyramids-of-giza","name":"Pyramids of Giza","category":"Landmark","lat":29.9792,"lon":31.1342,"span":0.018,"desc":"Ancient Egyptian pyramids & Sphinx"},
  {"id":"stonehenge","name":"Stonehenge","category":"Landmark","lat":51.1789,"lon":-1.8262,"span":0.012,"desc":"Neolithic stone circle monument"},
  {"id":"pompeii","name":"Pompeii","category":"Landmark","lat":40.7508,"lon":14.4869,"span":0.018,"desc":"Roman city preserved by Vesuvius"},
  {"id":"forbidden-city-beijing","name":"Forbidden City","category":"Landmark","lat":39.9163,"lon":116.3972,"span":0.015,"desc":"Imperial palace complex"},
  {"id":"notre-dame-paris","name":"Notre-Dame de Paris","category":"Landmark","lat":48.8530,"lon":2.3499,"span":0.010,"desc":"Gothic cathedral on Île de la Cité"},
  {"id":"buckingham-palace","name":"Buckingham Palace","category":"Landmark","lat":51.5014,"lon":-0.1419,"span":0.012,"desc":"Royal residence & The Mall"},
  {"id":"alcatraz","name":"Alcatraz Island","category":"Landmark","lat":37.8267,"lon":-122.4230,"span":0.012,"desc":"Former federal penitentiary"},
  {"id":"palm-jumeirah","name":"Palm Jumeirah","category":"Landmark","lat":25.1124,"lon":55.1390,"span":0.035,"desc":"Artificial palm-shaped island"},
  {"id":"teotihuacan","name":"Teotihuacán","category":"Landmark","lat":19.6925,"lon":-98.8438,"span":0.018,"desc":"Pyramid of the Sun & Moon"},
  {"id":"borobudur","name":"Borobudur","category":"Landmark","lat":-7.6079,"lon":110.2038,"span":0.012,"desc":"9th-century Buddhist temple"},

  {"id":"grand-canyon-south-rim","name":"Grand Canyon South Rim","category":"Nature","lat":36.0544,"lon":-112.1401,"span":0.040,"desc":"Vast layered canyon landscape"},
  {"id":"niagara-falls","name":"Niagara Falls","category":"Nature","lat":43.0828,"lon":-79.0742,"span":0.018,"desc":"Horseshoe Falls & gorge"},
  {"id":"yosemite-valley","name":"Yosemite Valley","category":"Nature","lat":37.7459,"lon":-119.5932,"span":0.035,"desc":"El Capitan & Half Dome"},
  {"id":"zion-canyon","name":"Zion Canyon","category":"Nature","lat":37.2982,"lon":-112.9498,"span":0.030,"desc":"Red sandstone cliffs & narrows"},
  {"id":"monument-valley","name":"Monument Valley","category":"Nature","lat":36.9830,"lon":-110.1005,"span":0.035,"desc":"Sandstone buttes & mesas"},
  {"id":"mount-fuji","name":"Mount Fuji","category":"Nature","lat":35.3606,"lon":138.7274,"span":0.040,"desc":"Iconic snow-capped volcano"},
  {"id":"matterhorn","name":"Matterhorn & Zermatt","category":"Nature","lat":45.9763,"lon":7.6586,"span":0.030,"desc":"Pyramidal Alpine peak"},
  {"id":"table-mountain","name":"Table Mountain","category":"Nature","lat":-33.9628,"lon":18.4030,"span":0.030,"desc":"Flat-topped mountain over Cape Town"},
  {"id":"ha-long-bay","name":"Ha Long Bay","category":"Nature","lat":20.9101,"lon":107.1839,"span":0.035,"desc":"Limestone karst pillars"},
  {"id":"zhangjiajie","name":"Zhangjiajie Pillars","category":"Nature","lat":29.3200,"lon":110.4300,"span":0.030,"desc":"Avatar-inspiring sandstone pillars"},
  {"id":"plitvice-lakes","name":"Plitvice Lakes","category":"Nature","lat":44.8654,"lon":15.5820,"span":0.025,"desc":"Cascading turquoise lakes"},
  {"id":"cliffs-of-moher","name":"Cliffs of Moher","category":"Nature","lat":52.9715,"lon":-9.4309,"span":0.025,"desc":"Sea cliffs on Ireland's west coast"},
  {"id":"banff-lake-louise","name":"Banff & Lake Louise","category":"Nature","lat":51.4254,"lon":-116.1773,"span":0.035,"desc":"Rocky Mountain turquoise lake"},
  {"id":"crater-lake","name":"Crater Lake","category":"Nature","lat":42.9446,"lon":-122.1090,"span":0.035,"desc":"Deepest lake in a volcanic caldera"},
  {"id":"bryce-canyon","name":"Bryce Canyon","category":"Nature","lat":37.5930,"lon":-112.1871,"span":0.030,"desc":"Hoodoo rock spire amphitheater"},
  {"id":"arches-national-park","name":"Arches National Park","category":"Nature","lat":38.7331,"lon":-109.5925,"span":0.035,"desc":"Natural sandstone arches"},
  {"id":"torres-del-paine","name":"Torres del Paine","category":"Nature","lat":-51.0000,"lon":-73.0000,"span":0.040,"desc":"Patagonian granite peaks"},
  {"id":"iguazu-falls","name":"Iguazú Falls","category":"Nature","lat":-25.6953,"lon":-54.4367,"span":0.020,"desc":"Massive waterfall system"},
  {"id":"guilin-karst","name":"Guilin Karst Landscape","category":"Nature","lat":25.2744,"lon":110.2900,"span":0.035,"desc":"Li River & karst peaks"},
  {"id":"cappadocia","name":"Cappadocia","category":"Nature","lat":38.6431,"lon":34.8283,"span":0.035,"desc":"Fairy chimneys & cave dwellings"},
  {"id":"dead-sea","name":"Dead Sea","category":"Nature","lat":31.5000,"lon":35.4700,"span":0.040,"desc":"Lowest point on Earth"},
  {"id":"swiss-alps-grindelwald","name":"Grindelwald & Eiger","category":"Nature","lat":46.6244,"lon":8.0413,"span":0.030,"desc":"Alpine village under the Eiger"},
  {"id":"iceland-geysir","name":"Iceland Geysir","category":"Nature","lat":64.3104,"lon":-20.3024,"span":0.025,"desc":"Geothermal hot springs area"},
  {"id":"dolomites","name":"Dolomites Tre Cime","category":"Nature","lat":46.6186,"lon":12.3015,"span":0.030,"desc":"Dramatic Alpine rock towers"},
  {"id":"mount-rainier","name":"Mount Rainier","category":"Nature","lat":46.8523,"lon":-121.7603,"span":0.040,"desc":"Glaciated stratovolcano"},
  {"id":"yellowstone-old-faithful","name":"Yellowstone Old Faithful","category":"Nature","lat":44.4605,"lon":-110.8281,"span":0.030,"desc":"Geysers & hot springs"},
  {"id":"victoria-falls","name":"Victoria Falls","category":"Nature","lat":-17.9244,"lon":25.8567,"span":0.020,"desc":"Largest curtain of falling water"},
  {"id":"mount-everest-base","name":"Mount Everest Base Camp","category":"Nature","lat":28.0025,"lon":86.8528,"span":0.035,"desc":"World's highest peak"},
  {"id":"fiordland-milford","name":"Milford Sound","category":"Nature","lat":-44.6718,"lon":167.9264,"span":0.035,"desc":"New Zealand fiord landscape"},
  {"id":"sahara-dunes","name":"Sahara Erg Chebbi","category":"Nature","lat":31.1500,"lon":-3.9700,"span":0.035,"desc":"Orange sand dune sea"},

  {"id":"santorini","name":"Santorini Oia","category":"Coastal","lat":36.4618,"lon":25.3753,"span":0.018,"desc":"White-washed cliffside village"},
  {"id":"positano","name":"Positano","category":"Coastal","lat":40.6281,"lon":14.4848,"span":0.012,"desc":"Colorful Amalfi Coast village"},
  {"id":"dubrovnik-old-town","name":"Dubrovnik Old Town","category":"Coastal","lat":42.6407,"lon":18.1082,"span":0.015,"desc":"Walled city on the Adriatic"},
  {"id":"venice","name":"Venice","category":"Coastal","lat":45.4408,"lon":12.3155,"span":0.025,"desc":"Canal city & St. Mark's Square"},
  {"id":"monaco","name":"Monaco","category":"Coastal","lat":43.7384,"lon":7.4246,"span":0.015,"desc":"Glamorous Mediterranean city-state"},
  {"id":"waikiki-beach","name":"Waikiki Beach","category":"Coastal","lat":21.2793,"lon":-157.8292,"span":0.018,"desc":"Famous Hawaiian beach & Diamond Head"},
  {"id":"copacabana","name":"Copacabana Beach","category":"Coastal","lat":-22.9711,"lon":-43.1822,"span":0.018,"desc":"Iconic Rio beach & Sugarloaf"},
  {"id":"amalfi","name":"Amalfi Coast","category":"Coastal","lat":40.6340,"lon":14.6027,"span":0.020,"desc":"Dramatic clifftop towns"},
  {"id":"cinque-terre","name":"Cinque Terre","category":"Coastal","lat":44.1286,"lon":9.7116,"span":0.020,"desc":"Five colorful fishing villages"},
  {"id":"key-west","name":"Key West","category":"Coastal","lat":24.5551,"lon":-81.7800,"span":0.020,"desc":"Southernmost point in US"},
  {"id":"santa-monica","name":"Santa Monica","category":"Coastal","lat":34.0195,"lon":-118.4912,"span":0.020,"desc":"Beach pier & Pacific coastline"},
  {"id":"bondi-beach","name":"Bondi Beach","category":"Coastal","lat":-33.8915,"lon":151.2767,"span":0.015,"desc":"Sydney's iconic beach"},
  {"id":"mykonos","name":"Mykonos Town","category":"Coastal","lat":37.4467,"lon":25.3289,"span":0.015,"desc":"Cycladic windmills & white houses"},
  {"id":"malta-valletta","name":"Valletta, Malta","category":"Coastal","lat":35.8989,"lon":14.5146,"span":0.015,"desc":"Fortified Mediterranean capital"},
  {"id":"gibraltar","name":"Gibraltar","category":"Coastal","lat":36.1408,"lon":-5.3536,"span":0.018,"desc":"The Rock & strait view"},
  {"id":"nice-promenade","name":"Nice Promenade","category":"Coastal","lat":43.6950,"lon":7.2700,"span":0.020,"desc":"French Riviera seafront"},
  {"id":"cape-town-camps-bay","name":"Camps Bay","category":"Coastal","lat":-33.9512,"lon":18.3780,"span":0.018,"desc":"Beach beneath Twelve Apostles"},
  {"id":"cartagena-old","name":"Cartagena Old City","category":"Coastal","lat":10.4236,"lon":-75.5494,"span":0.018,"desc":"Colonial walled port city"},
  {"id":"sydney-harbour","name":"Sydney Harbour","category":"Coastal","lat":-33.8523,"lon":151.2108,"span":0.025,"desc":"Opera House & Harbour Bridge"},
  {"id":"rio-sugarloaf","name":"Rio Sugarloaf","category":"Coastal","lat":-22.9494,"lon":-43.1575,"span":0.022,"desc":"Sugarloaf Mountain & Botafogo Bay"},

  {"id":"kyoto-temples","name":"Kyoto Temple District","category":"Cultural","lat":34.9949,"lon":135.7850,"span":0.020,"desc":"Kinkaku-ji & bamboo groves"},
  {"id":"luxor-temple","name":"Luxor Temple","category":"Cultural","lat":25.6996,"lon":32.6392,"span":0.018,"desc":"Ancient Egyptian temple complex"},
  {"id":"bagan-myanmar","name":"Bagan Temples","category":"Cultural","lat":21.1718,"lon":94.8585,"span":0.030,"desc":"Thousands of Buddhist temples"},
  {"id":"fez-medina","name":"Fez Medina","category":"Cultural","lat":34.0622,"lon":-4.9835,"span":0.018,"desc":"World's largest car-free urban zone"},
  {"id":"varanasi-ghats","name":"Varanasi Ghats","category":"Cultural","lat":25.3176,"lon":83.0130,"span":0.018,"desc":"Sacred Ganges river steps"},
  {"id":"cusco-centro","name":"Cusco Centro","category":"Cultural","lat":-13.5170,"lon":-71.9785,"span":0.015,"desc":"Inca-Spanish colonial fusion"},
  {"id":"jaipur-pink-city","name":"Jaipur Pink City","category":"Cultural","lat":26.9239,"lon":75.8267,"span":0.020,"desc":"Hawa Mahal & City Palace"},
  {"id":"florence-centro","name":"Florence Centro","category":"Cultural","lat":43.7696,"lon":11.2558,"span":0.018,"desc":"Duomo & Renaissance art"},
  {"id":"seville-centro","name":"Seville Centro","category":"Cultural","lat":37.3886,"lon":-5.9823,"span":0.018,"desc":"Alcázar & Plaza de España"},
  {"id":"bruges-old-town","name":"Bruges Old Town","category":"Cultural","lat":51.2093,"lon":3.2247,"span":0.015,"desc":"Medieval canals & belfry"},
  {"id":"toledo-spain","name":"Toledo","category":"Cultural","lat":39.8628,"lon":-4.0273,"span":0.015,"desc":"Medieval hilltop fortress city"},
  {"id":"oxford-university","name":"Oxford University","category":"Cultural","lat":51.7548,"lon":-1.2544,"span":0.018,"desc":"Dreaming spires & colleges"},
  {"id":"cambridge-university","name":"Cambridge University","category":"Cultural","lat":52.2054,"lon":0.1132,"span":0.018,"desc":"King's College & River Cam"},
  {"id":"petra-siq","name":"Petra Siq & Treasury","category":"Cultural","lat":30.3216,"lon":35.4485,"span":0.010,"desc":"Carved rock-face facades"},
  {"id":"lalibela","name":"Lalibela Rock Churches","category":"Cultural","lat":12.0310,"lon":39.0430,"span":0.012,"desc":"Rock-hewn Ethiopian churches"},
  {"id":"tikal-guatemala","name":"Tikal","category":"Cultural","lat":17.2220,"lon":-89.6237,"span":0.015,"desc":"Maya ruins in jungle canopy"},
  {"id":"bath-roman","name":"Bath Roman Baths","category":"Cultural","lat":51.3811,"lon":-2.3590,"span":0.015,"desc":"Georgian & Roman architecture"},
  {"id":"charleston-sc","name":"Charleston Historic","category":"Cultural","lat":32.7765,"lon":-79.9311,"span":0.020,"desc":"Antebellum homes & Battery"},
  {"id":"quebec-city","name":"Old Quebec City","category":"Cultural","lat":46.8139,"lon":-71.2080,"span":0.018,"desc":"Château Frontenac & old walls"},
  {"id":"salzburg-old-town","name":"Salzburg Old Town","category":"Cultural","lat":47.7994,"lon":13.0440,"span":0.018,"desc":"Mozart's birthplace & fortress"},

  {"id":"manhattan-central-park","name":"Central Park","category":"Urban Park","lat":40.7829,"lon":-73.9654,"span":0.030,"desc":"Iconic urban oasis in Manhattan"},
  {"id":"hyde-park-london","name":"Hyde Park & Kensington","category":"Urban Park","lat":51.5073,"lon":-0.1657,"span":0.020,"desc":"Royal parks & Kensington Palace"},
  {"id":"gardens-by-the-bay","name":"Gardens by the Bay","category":"Urban Park","lat":1.2816,"lon":103.8636,"span":0.015,"desc":"Supertree Grove & flower domes"},
  {"id":"golden-gate-park","name":"Golden Gate Park","category":"Urban Park","lat":37.7694,"lon":-122.4862,"span":0.030,"desc":"Urban park to the ocean"},
  {"id":"ueno-park-tokyo","name":"Ueno Park Tokyo","category":"Urban Park","lat":35.7146,"lon":139.7735,"span":0.015,"desc":"Museums, temples & zoo"},
  {"id":"tuileries-paris","name":"Tuileries & Louvre","category":"Urban Park","lat":48.8634,"lon":2.3275,"span":0.015,"desc":"Royal gardens & museum"},
  {"id":"tiergarten-berlin","name":"Tiergarten Berlin","category":"Urban Park","lat":52.5145,"lon":13.3501,"span":0.025,"desc":"Victory Column & urban forest"},
  {"id":"stanley-park","name":"Stanley Park Vancouver","category":"Urban Park","lat":49.3043,"lon":-123.1441,"span":0.025,"desc":"Seawall & totem poles"},
  {"id":"retiro-park-madrid","name":"Retiro Park Madrid","category":"Urban Park","lat":40.4153,"lon":-3.6844,"span":0.018,"desc":"Crystal Palace & boating lake"},
  {"id":"central-park-west","name":"Upper West Side & Park","category":"Urban Park","lat":40.7831,"lon":-73.9712,"span":0.020,"desc":"Museum Mile & park views"},

  {"id":"denver-downtown","name":"Denver Downtown","category":"Downtown","lat":39.7392,"lon":-104.9903,"span":0.020,"desc":"Mile High City & Union Station"},
  {"id":"nashville-downtown","name":"Nashville Downtown","category":"Downtown","lat":36.1627,"lon":-86.7816,"span":0.018,"desc":"Broadway & honky-tonks"},
  {"id":"oslo-centrum","name":"Oslo Centrum","category":"Downtown","lat":59.9139,"lon":10.7522,"span":0.020,"desc":"Opera House & waterfront"},
  {"id":"helsinki-centrum","name":"Helsinki Centrum","category":"Downtown","lat":60.1699,"lon":24.9384,"span":0.020,"desc":"Senate Square & harbor"},
  {"id":"abu-dhabi-corniche","name":"Abu Dhabi Corniche","category":"Downtown","lat":24.4539,"lon":54.3773,"span":0.022,"desc":"Corniche & Grand Mosque area"},
  {"id":"tel-aviv-center","name":"Tel Aviv Center","category":"Downtown","lat":32.0853,"lon":34.7818,"span":0.020,"desc":"Bauhaus White City"},
  {"id":"perth-cbd","name":"Perth CBD","category":"Downtown","lat":-31.9505,"lon":115.8605,"span":0.020,"desc":"Swan River & Kings Park"},
  {"id":"phoenix-downtown","name":"Phoenix Downtown","category":"Downtown","lat":33.4484,"lon":-112.0740,"span":0.020,"desc":"Desert city center"},
  {"id":"portland-downtown","name":"Portland Downtown","category":"Downtown","lat":45.5152,"lon":-122.6784,"span":0.020,"desc":"Willamette River & bridges"},
  {"id":"minneapolis-downtown","name":"Minneapolis Downtown","category":"Downtown","lat":44.9778,"lon":-93.2650,"span":0.020,"desc":"Mill City & Mississippi River"},
  {"id":"easter-island","name":"Easter Island Ahu Tongariki","category":"Cultural","lat":-27.1256,"lon":-109.2789,"span":0.015,"desc":"Moai stone statues"},
  {"id":"hampi-ruins","name":"Hampi Ruins","category":"Cultural","lat":15.3350,"lon":76.4600,"span":0.020,"desc":"Ancient Vijayanagara capital"},
  {"id":"lake-bled","name":"Lake Bled","category":"Nature","lat":46.3638,"lon":14.0938,"span":0.020,"desc":"Alpine lake with island church"},
  {"id":"pamukkale","name":"Pamukkale Terraces","category":"Nature","lat":37.9204,"lon":29.1200,"span":0.018,"desc":"White calcium travertine terraces"},
  {"id":"trolltunga","name":"Trolltunga","category":"Nature","lat":60.1242,"lon":6.7400,"span":0.025,"desc":"Dramatic cliff overhang"},
  {"id":"lake-como","name":"Lake Como Bellagio","category":"Coastal","lat":45.9878,"lon":9.2600,"span":0.025,"desc":"Italian lakeside villas"},
  {"id":"phi-phi-islands","name":"Phi Phi Islands","category":"Coastal","lat":7.7407,"lon":98.7784,"span":0.020,"desc":"Thai limestone island paradise"},
  {"id":"bergen-norway","name":"Bergen Bryggen","category":"Coastal","lat":60.3913,"lon":5.3221,"span":0.018,"desc":"Colorful Hanseatic wharf"},
  {"id":"imperial-palace-tokyo","name":"Imperial Palace Tokyo","category":"Urban Park","lat":35.6852,"lon":139.7528,"span":0.015,"desc":"Imperial gardens & moat"},
  {"id":"chapultepec-mexico","name":"Chapultepec Park","category":"Urban Park","lat":19.4204,"lon":-99.1895,"span":0.022,"desc":"Castle & urban forest"}
]
